id,restaurant,dish,cuisine,price,rating,city,area,dietary,spicy,mood_tags,meal_type,distance_km,delivery_minutes,image_url
1,Tandoori House,Paneer Tikka,North Indian,240,3.8,Gwalior,City Centre,Vegetarian,True,"comfort, happy, social","lunch, dinner",3.1,25,"https://loremflickr.com/800/600/paneer,tikka?lock=1"
2,The Spice Route,Butter Chicken,North Indian,280,4.5,Gwalior,Lashkar,Non-Vegetarian,True,"comfort, happy, tired","lunch, dinner",3.9,36,"https://loremflickr.com/800/600/butter,chicken?lock=2"
3,Gwalior Zaika,Vada Sambar,South Indian,80,4.3,Gwalior,Thatipur,Vegetarian,True,"happy, comfort","breakfast, snacks",2.1,21,"https://loremflickr.com/800/600/vada,sambar?lock=3"
4,Royal Rasoi,Farmhouse Pizza,Italian,280,4.3,Gwalior,Morar,Vegetarian,False,"happy, social, adventurous","lunch, dinner",3.1,25,"https://loremflickr.com/800/600/farmhouse,pizza?lock=4"
5,Swaad Junction,Special Thali,North Indian,280,4.5,Gwalior,Mahalgaon,Vegetarian,True,"comfort, happy, social","lunch, dinner",4.2,31,"https://loremflickr.com/800/600/special,thali?lock=5"
6,Urban Tadka,Tandoori Chicken,North Indian,300,4.6,Gwalior,City Centre,Non-Vegetarian,True,"adventurous, happy, social","lunch, dinner",1.2,27,"https://loremflickr.com/800/600/tandoori,chicken?lock=6"
7,Shree Bhojan,Chilli Paneer,Chinese,230,4.2,Gwalior,Phalka Bazar,Vegetarian,True,"adventurous, happy, social","snacks, dinner",2.0,22,"https://loremflickr.com/800/600/chilli,paneer?lock=7"
8,Desi Zaika,Veg Pasta,Italian,240,4.1,Gwalior,Hazira,Vegetarian,False,"comfort, tired, happy","lunch, dinner",3.5,25,"https://loremflickr.com/800/600/veg,pasta?lock=8"
9,Food Street Gwalior,Sprouts Chaat,Healthy,150,4.1,Gwalior,Thatipur,Vegetarian,True,"healthy, adventurous, tired","breakfast, snacks",3.1,23,"https://loremflickr.com/800/600/sprouts,chaat?lock=9"
10,The Green Bowl,Gulab Jamun,Dessert,90,4.3,Gwalior,University Road,Vegetarian,False,"happy, comfort, social","snacks, dinner",6.9,39,"https://loremflickr.com/800/600/gulab,jamun?lock=10"
11,Curry Culture,Chole Bhature,North Indian,170,4.0,Gwalior,Lashkar,Vegetarian,True,"happy, adventurous, comfort","breakfast, lunch",3.7,36,"https://loremflickr.com/800/600/chole,bhature?lock=11"
12,Madhya Rasoi,Chicken Hakka Noodles,Chinese,230,4.3,Gwalior,Morar,Non-Vegetarian,True,"tired, adventurous, happy","lunch, dinner",5.8,31,"https://loremflickr.com/800/600/chicken,hakka,noodles?lock=12"
13,Chai & Bites,Samosa Chaat,Street Food,90,4.6,Gwalior,City Centre,Vegetarian,True,"happy, social, comfort",snacks,3.8,36,"https://loremflickr.com/800/600/samosa,chaat?lock=13"
14,Indore Namkeen House,Chicken Burger,Fast Food,240,3.8,Gwalior,Thatipur,Non-Vegetarian,True,"happy, adventurous, comfort","lunch, snacks, dinner",3.1,31,"https://loremflickr.com/800/600/chicken,burger?lock=14"
15,The Dosa Corner,Kadhi Chawal,North Indian,160,3.9,Gwalior,Mahalgaon,Vegetarian,False,"comfort, tired, healthy",lunch,3.9,33,"https://loremflickr.com/800/600/kadhi,chawal?lock=15"
16,Punjab Grill House,Poha,Indian,100,4.7,Gwalior,Lashkar,Vegetarian,False,"healthy, tired, relaxed",breakfast,3.8,32,https://loremflickr.com/800/600/poha?lock=16
17,South Spice,Chicken Fried Rice,Chinese,210,4.3,Gwalior,University Road,Non-Vegetarian,True,"comfort, adventurous, happy","lunch, dinner",3.6,30,"https://loremflickr.com/800/600/chicken,fried,rice?lock=17"
18,Cafe Central,Veg Sandwich,Fast Food,120,4.8,Gwalior,City Centre,Vegetarian,False,"healthy, tired, happy","breakfast, snacks",2.9,29,"https://loremflickr.com/800/600/veg,sandwich?lock=18"
19,Flavours of India,Lassi,Beverage,100,4.1,Gwalior,Morar,Vegetarian,False,"relaxed, happy, tired","breakfast, snacks",6.1,32,https://loremflickr.com/800/600/lassi?lock=19
20,Biryani Junction,Ice Cream Sundae,Dessert,180,3.7,Gwalior,Hazira,Vegetarian,False,"happy, social, relaxed","snacks, dessert",4.6,30,"https://loremflickr.com/800/600/ice,cream,sundae?lock=20"
21,Healthy Plate,Mutton Biryani,Biryani,320,4.7,Gwalior,University Road,Non-Vegetarian,True,"adventurous, happy","lunch, dinner",5.1,38,"https://loremflickr.com/800/600/mutton,biryani?lock=21"
22,Street Food Hub,Idli Sambar,South Indian,100,4.4,Gwalior,Phalka Bazar,Vegetarian,False,"healthy, tired, relaxed","breakfast, lunch",2.4,32,"https://loremflickr.com/800/600/idli,sambar?lock=22"
23,Royal Biryani,Margherita Pizza,Italian,250,3.9,Gwalior,Thatipur,Vegetarian,False,"happy, comfort, social","lunch, dinner",2.6,30,"https://loremflickr.com/800/600/margherita,pizza?lock=23"
24,Cafe Aroma,Veg Thali,North Indian,210,4.0,Gwalior,Mahalgaon,Vegetarian,False,"comfort, tired, healthy","lunch, dinner",4.8,39,"https://loremflickr.com/800/600/veg,thali?lock=24"
25,Rajasthani Rasoi,Malai Kofta,North Indian,240,4.1,Gwalior,Lashkar,Vegetarian,False,"comfort, happy","lunch, dinner",5.0,30,"https://loremflickr.com/800/600/malai,kofta?lock=25"
26,Sweet & Savoury,Cheese Maggi,Fast Food,130,3.8,Gwalior,City Centre,Vegetarian,False,"comfort, tired, happy","snacks, dinner",1.3,18,"https://loremflickr.com/800/600/cheese,maggi?lock=26"
27,The Food Factory,Paneer Momos,Tibetan,190,3.9,Gwalior,Morar,Vegetarian,True,"happy, adventurous","snacks, dinner",5.7,38,"https://loremflickr.com/800/600/paneer,momos?lock=27"
28,Masala Magic,Fruit Bowl,Healthy,140,4.1,Gwalior,Hazira,Vegetarian,False,"healthy, relaxed, tired","breakfast, snacks",8.0,44,"https://loremflickr.com/800/600/fruit,bowl?lock=28"
29,Pizza Craft,Mango Shake,Beverage,130,4.6,Gwalior,Thatipur,Vegetarian,False,"happy, relaxed","breakfast, snacks",2.0,28,"https://loremflickr.com/800/600/mango,shake?lock=29"
30,Burger Station,Dal Makhani,North Indian,210,4.7,Gwalior,University Road,Vegetarian,False,"comfort, tired, relaxed","lunch, dinner",5.9,41,"https://loremflickr.com/800/600/dal,makhani?lock=30"
31,Tandoori House,Chicken Hakka Noodles,Chinese,230,3.8,Gwalior,City Centre,Non-Vegetarian,True,"tired, adventurous, happy","lunch, dinner",2.3,26,"https://loremflickr.com/800/600/chicken,hakka,noodles?lock=31"
32,The Spice Route,Samosa Chaat,Street Food,120,4.7,Gwalior,Lashkar,Vegetarian,True,"happy, social, comfort",snacks,2.4,27,"https://loremflickr.com/800/600/samosa,chaat?lock=32"
33,Gwalior Zaika,Chicken Burger,Fast Food,200,4.3,Gwalior,Thatipur,Non-Vegetarian,True,"happy, adventurous, comfort","lunch, snacks, dinner",2.4,28,"https://loremflickr.com/800/600/chicken,burger?lock=33"
34,Royal Rasoi,Kadhi Chawal,North Indian,190,4.4,Gwalior,Morar,Vegetarian,False,"comfort, tired, healthy",lunch,5.4,31,"https://loremflickr.com/800/600/kadhi,chawal?lock=34"
35,Swaad Junction,Poha,Indian,110,3.9,Gwalior,Mahalgaon,Vegetarian,False,"healthy, tired, relaxed",breakfast,6.3,44,https://loremflickr.com/800/600/poha?lock=35
36,Urban Tadka,Chicken Fried Rice,Chinese,200,4.4,Gwalior,City Centre,Non-Vegetarian,True,"comfort, adventurous, happy","lunch, dinner",2.5,22,"https://loremflickr.com/800/600/chicken,fried,rice?lock=36"
37,Shree Bhojan,Veg Sandwich,Fast Food,120,4.7,Gwalior,Phalka Bazar,Vegetarian,False,"healthy, tired, happy","breakfast, snacks",3.9,29,"https://loremflickr.com/800/600/veg,sandwich?lock=37"
38,Desi Zaika,Lassi,Beverage,60,4.0,Gwalior,Hazira,Vegetarian,False,"relaxed, happy, tired","breakfast, snacks",5.8,31,https://loremflickr.com/800/600/lassi?lock=38
39,Food Street Gwalior,Ice Cream Sundae,Dessert,170,4.2,Gwalior,Thatipur,Vegetarian,False,"happy, social, relaxed","snacks, dessert",2.3,30,"https://loremflickr.com/800/600/ice,cream,sundae?lock=39"
40,The Green Bowl,Mutton Biryani,Biryani,360,3.8,Gwalior,University Road,Non-Vegetarian,True,"adventurous, happy","lunch, dinner",5.5,42,"https://loremflickr.com/800/600/mutton,biryani?lock=40"
41,Curry Culture,Idli Sambar,South Indian,100,4.0,Gwalior,Lashkar,Vegetarian,False,"healthy, tired, relaxed","breakfast, lunch",4.6,32,"https://loremflickr.com/800/600/idli,sambar?lock=41"
42,Madhya Rasoi,Margherita Pizza,Italian,240,4.7,Gwalior,Morar,Vegetarian,False,"happy, comfort, social","lunch, dinner",6.0,40,"https://loremflickr.com/800/600/margherita,pizza?lock=42"
43,Chai & Bites,Veg Thali,North Indian,220,4.0,Gwalior,City Centre,Vegetarian,False,"comfort, tired, healthy","lunch, dinner",3.8,33,"https://loremflickr.com/800/600/veg,thali?lock=43"
44,Indore Namkeen House,Malai Kofta,North Indian,240,4.7,Gwalior,Thatipur,Vegetarian,False,"comfort, happy","lunch, dinner",3.8,28,"https://loremflickr.com/800/600/malai,kofta?lock=44"
45,The Dosa Corner,Cheese Maggi,Fast Food,110,4.1,Gwalior,Mahalgaon,Vegetarian,False,"comfort, tired, happy","snacks, dinner",4.9,31,"https://loremflickr.com/800/600/cheese,maggi?lock=45"
46,Punjab Grill House,Paneer Momos,Tibetan,160,3.7,Gwalior,Lashkar,Vegetarian,True,"happy, adventurous","snacks, dinner",4.0,26,"https://loremflickr.com/800/600/paneer,momos?lock=46"
47,South Spice,Fruit Bowl,Healthy,120,4.7,Gwalior,University Road,Vegetarian,False,"healthy, relaxed, tired","breakfast, snacks",6.4,33,"https://loremflickr.com/800/600/fruit,bowl?lock=47"
48,Cafe Central,Mango Shake,Beverage,110,4.0,Gwalior,City Centre,Vegetarian,False,"happy, relaxed","breakfast, snacks",2.5,28,"https://loremflickr.com/800/600/mango,shake?lock=48"
49,Flavours of India,Dal Makhani,North Indian,210,4.7,Gwalior,Morar,Vegetarian,False,"comfort, tired, relaxed","lunch, dinner",5.3,35,"https://loremflickr.com/800/600/dal,makhani?lock=49"
50,Biryani Junction,Veg Hakka Noodles,Chinese,210,4.2,Gwalior,Hazira,Vegetarian,True,"tired, happy, adventurous","lunch, dinner",5.0,29,"https://loremflickr.com/800/600/veg,hakka,noodles?lock=50"
51,Healthy Plate,Aloo Tikki,Street Food,110,4.2,Gwalior,University Road,Vegetarian,True,"happy, adventurous, social",snacks,4.4,32,"https://loremflickr.com/800/600/aloo,tikki?lock=51"
52,Street Food Hub,Veg Burger,Fast Food,180,3.8,Gwalior,Phalka Bazar,Vegetarian,False,"happy, tired, comfort","lunch, snacks, dinner",3.3,31,"https://loremflickr.com/800/600/veg,burger?lock=52"
53,Royal Biryani,Rajma Chawal,North Indian,150,4.1,Gwalior,Thatipur,Vegetarian,False,"comfort, tired, relaxed",lunch,3.4,34,"https://loremflickr.com/800/600/rajma,chawal?lock=53"
54,Cafe Aroma,Fish Curry Rice,Indian,280,3.9,Gwalior,Mahalgaon,Non-Vegetarian,True,"adventurous, healthy","lunch, dinner",4.6,29,"https://loremflickr.com/800/600/fish,curry,rice?lock=54"
55,Rajasthani Rasoi,Veg Fried Rice,Chinese,160,4.0,Gwalior,Lashkar,Vegetarian,True,"comfort, tired, happy","lunch, dinner",2.4,32,"https://loremflickr.com/800/600/veg,fried,rice?lock=55"
56,Sweet & Savoury,Chicken Pasta,Italian,270,4.6,Gwalior,City Centre,Non-Vegetarian,False,"comfort, happy, adventurous","lunch, dinner",3.4,24,"https://loremflickr.com/800/600/chicken,pasta?lock=56"
57,The Food Factory,Chicken Salad,Healthy,250,4.8,Gwalior,Morar,Non-Vegetarian,False,"healthy, adventurous, tired","lunch, dinner",6.3,44,"https://loremflickr.com/800/600/chicken,salad?lock=57"
58,Masala Magic,Brownie,Dessert,170,4.6,Gwalior,Hazira,Vegetarian,False,"comfort, happy, tired","snacks, dessert",3.8,31,https://loremflickr.com/800/600/brownie?lock=58
59,Pizza Craft,Chicken Biryani,Biryani,270,4.7,Gwalior,Thatipur,Non-Vegetarian,True,"happy, adventurous, comfort","lunch, dinner",5.6,32,"https://loremflickr.com/800/600/chicken,biryani?lock=59"
60,Burger Station,Masala Dosa,South Indian,120,4.8,Gwalior,University Road,Vegetarian,True,"healthy, tired, relaxed","breakfast, lunch",3.7,34,"https://loremflickr.com/800/600/masala,dosa?lock=60"
61,Tandoori House,Margherita Pizza,Italian,250,4.0,Gwalior,City Centre,Vegetarian,False,"happy, comfort, social","lunch, dinner",3.0,31,"https://loremflickr.com/800/600/margherita,pizza?lock=61"
62,The Spice Route,Veg Thali,North Indian,230,4.3,Gwalior,Lashkar,Vegetarian,False,"comfort, tired, healthy","lunch, dinner",4.0,27,"https://loremflickr.com/800/600/veg,thali?lock=62"
63,Gwalior Zaika,Malai Kofta,North Indian,240,3.9,Gwalior,Thatipur,Vegetarian,False,"comfort, happy","lunch, dinner",2.2,29,"https://loremflickr.com/800/600/malai,kofta?lock=63"
64,Royal Rasoi,Cheese Maggi,Fast Food,110,4.5,Gwalior,Morar,Vegetarian,False,"comfort, tired, happy","snacks, dinner",3.2,30,"https://loremflickr.com/800/600/cheese,maggi?lock=64"
65,Swaad Junction,Paneer Momos,Tibetan,180,4.7,Gwalior,Mahalgaon,Vegetarian,True,"happy, adventurous","snacks, dinner",4.6,28,"https://loremflickr.com/800/600/paneer,momos?lock=65"
66,Urban Tadka,Fruit Bowl,Healthy,150,3.8,Gwalior,City Centre,Vegetarian,False,"healthy, relaxed, tired","breakfast, snacks",1.7,26,"https://loremflickr.com/800/600/fruit,bowl?lock=66"
67,Shree Bhojan,Mango Shake,Beverage,140,4.6,Gwalior,Phalka Bazar,Vegetarian,False,"happy, relaxed","breakfast, snacks",2.4,32,"https://loremflickr.com/800/600/mango,shake?lock=67"
68,Desi Zaika,Dal Makhani,North Indian,200,4.0,Gwalior,Hazira,Vegetarian,False,"comfort, tired, relaxed","lunch, dinner",6.0,39,"https://loremflickr.com/800/600/dal,makhani?lock=68"
69,Food Street Gwalior,Veg Hakka Noodles,Chinese,180,4.4,Gwalior,Thatipur,Vegetarian,True,"tired, happy, adventurous","lunch, dinner",4.3,30,"https://loremflickr.com/800/600/veg,hakka,noodles?lock=69"
70,The Green Bowl,Aloo Tikki,Street Food,90,3.9,Gwalior,University Road,Vegetarian,True,"happy, adventurous, social",snacks,5.7,33,"https://loremflickr.com/800/600/aloo,tikki?lock=70"
71,Curry Culture,Veg Burger,Fast Food,160,3.8,Gwalior,Lashkar,Vegetarian,False,"happy, tired, comfort","lunch, snacks, dinner",3.8,30,"https://loremflickr.com/800/600/veg,burger?lock=71"
72,Madhya Rasoi,Rajma Chawal,North Indian,200,4.7,Gwalior,Morar,Vegetarian,False,"comfort, tired, relaxed",lunch,3.0,30,"https://loremflickr.com/800/600/rajma,chawal?lock=72"
73,Chai & Bites,Fish Curry Rice,Indian,300,4.8,Gwalior,City Centre,Non-Vegetarian,True,"adventurous, healthy","lunch, dinner",1.4,20,"https://loremflickr.com/800/600/fish,curry,rice?lock=73"
74,Indore Namkeen House,Veg Fried Rice,Chinese,170,3.8,Gwalior,Thatipur,Vegetarian,True,"comfort, tired, happy","lunch, dinner",3.4,24,"https://loremflickr.com/800/600/veg,fried,rice?lock=74"
75,The Dosa Corner,Chicken Pasta,Italian,260,4.1,Gwalior,Mahalgaon,Non-Vegetarian,False,"comfort, happy, adventurous","lunch, dinner",3.1,33,"https://loremflickr.com/800/600/chicken,pasta?lock=75"
76,Punjab Grill House,Chicken Salad,Healthy,250,4.0,Gwalior,Lashkar,Non-Vegetarian,False,"healthy, adventurous, tired","lunch, dinner",4.9,38,"https://loremflickr.com/800/600/chicken,salad?lock=76"
77,South Spice,Brownie,Dessert,150,3.7,Gwalior,University Road,Vegetarian,False,"comfort, happy, tired","snacks, dessert",6.2,35,https://loremflickr.com/800/600/brownie?lock=77
78,Cafe Central,Chicken Biryani,Biryani,300,3.8,Gwalior,City Centre,Non-Vegetarian,True,"happy, adventurous, comfort","lunch, dinner",3.5,27,"https://loremflickr.com/800/600/chicken,biryani?lock=78"
79,Flavours of India,Masala Dosa,South Indian,120,4.5,Gwalior,Morar,Vegetarian,True,"healthy, tired, relaxed","breakfast, lunch",3.6,27,"https://loremflickr.com/800/600/masala,dosa?lock=79"
80,Biryani Junction,Dahi Puri,Street Food,100,4.5,Gwalior,Hazira,Vegetarian,True,"happy, social, relaxed",snacks,4.0,33,"https://loremflickr.com/800/600/dahi,puri?lock=80"
81,Healthy Plate,Chicken Wrap,Fast Food,220,4.3,Gwalior,University Road,Non-Vegetarian,True,"adventurous, happy","lunch, snacks",3.6,36,"https://loremflickr.com/800/600/chicken,wrap?lock=81"
82,Street Food Hub,Shahi Paneer,North Indian,230,3.8,Gwalior,Phalka Bazar,Vegetarian,False,"comfort, happy, social","lunch, dinner",2.5,24,"https://loremflickr.com/800/600/shahi,paneer?lock=82"
83,Royal Biryani,Masala Maggi,Fast Food,80,4.1,Gwalior,Thatipur,Vegetarian,True,"tired, comfort, happy","snacks, dinner",2.5,33,"https://loremflickr.com/800/600/masala,maggi?lock=83"
84,Cafe Aroma,Chicken Momos,Tibetan,180,4.5,Gwalior,Mahalgaon,Non-Vegetarian,True,"adventurous, happy, social","snacks, dinner",4.7,33,"https://loremflickr.com/800/600/chicken,momos?lock=84"
85,Rajasthani Rasoi,Chicken Sandwich,Fast Food,170,3.8,Gwalior,Lashkar,Non-Vegetarian,False,"happy, adventurous","breakfast, snacks",4.8,36,"https://loremflickr.com/800/600/chicken,sandwich?lock=85"
86,Sweet & Savoury,Cold Coffee,Beverage,100,4.3,Gwalior,City Centre,Vegetarian,False,"happy, tired, social",snacks,3.4,31,"https://loremflickr.com/800/600/cold,coffee?lock=86"
87,The Food Factory,Paneer Butter Masala,North Indian,230,4.2,Gwalior,Morar,Vegetarian,False,"comfort, tired, happy","lunch, dinner",3.2,27,"https://loremflickr.com/800/600/paneer,butter,masala?lock=87"
88,Masala Magic,Chicken Tikka,North Indian,300,4.8,Gwalior,Hazira,Non-Vegetarian,True,"adventurous, happy, social","lunch, dinner",3.2,27,"https://loremflickr.com/800/600/chicken,tikka?lock=88"
89,Pizza Craft,Pav Bhaji,Street Food,150,4.0,Gwalior,Thatipur,Vegetarian,True,"happy, comfort, social","snacks, dinner",2.4,30,"https://loremflickr.com/800/600/pav,bhaji?lock=89"
90,Burger Station,Chicken Pizza,Italian,350,4.1,Gwalior,University Road,Non-Vegetarian,True,"happy, adventurous, social","lunch, dinner",5.3,31,"https://loremflickr.com/800/600/chicken,pizza?lock=90"
91,Tandoori House,Rajma Chawal,North Indian,160,4.7,Gwalior,City Centre,Vegetarian,False,"comfort, tired, relaxed",lunch,3.7,35,"https://loremflickr.com/800/600/rajma,chawal?lock=91"
92,The Spice Route,Fish Curry Rice,Indian,290,3.7,Gwalior,Lashkar,Non-Vegetarian,True,"adventurous, healthy","lunch, dinner",4.1,30,"https://loremflickr.com/800/600/fish,curry,rice?lock=92"
93,Gwalior Zaika,Veg Fried Rice,Chinese,170,4.6,Gwalior,Thatipur,Vegetarian,True,"comfort, tired, happy","lunch, dinner",5.5,40,"https://loremflickr.com/800/600/veg,fried,rice?lock=93"
94,Royal Rasoi,Chicken Pasta,Italian,270,3.9,Gwalior,Morar,Non-Vegetarian,False,"comfort, happy, adventurous","lunch, dinner",5.8,35,"https://loremflickr.com/800/600/chicken,pasta?lock=94"
95,Swaad Junction,Chicken Salad,Healthy,210,4.6,Gwalior,Mahalgaon,Non-Vegetarian,False,"healthy, adventurous, tired","lunch, dinner",3.4,34,"https://loremflickr.com/800/600/chicken,salad?lock=95"
96,Urban Tadka,Brownie,Dessert,140,4.1,Gwalior,City Centre,Vegetarian,False,"comfort, happy, tired","snacks, dessert",3.3,34,https://loremflickr.com/800/600/brownie?lock=96
97,Shree Bhojan,Chicken Biryani,Biryani,270,3.7,Gwalior,Phalka Bazar,Non-Vegetarian,True,"happy, adventurous, comfort","lunch, dinner",1.7,22,"https://loremflickr.com/800/600/chicken,biryani?lock=97"
98,Desi Zaika,Masala Dosa,South Indian,170,3.8,Gwalior,Hazira,Vegetarian,True,"healthy, tired, relaxed","breakfast, lunch",6.9,38,"https://loremflickr.com/800/600/masala,dosa?lock=98"
99,Food Street Gwalior,Dahi Puri,Street Food,120,4.1,Gwalior,Thatipur,Vegetarian,True,"happy, social, relaxed",snacks,5.9,38,"https://loremflickr.com/800/600/dahi,puri?lock=99"
100,The Green Bowl,Chicken Wrap,Fast Food,200,3.8,Gwalior,University Road,Non-Vegetarian,True,"adventurous, happy","lunch, snacks",6.9,36,"https://loremflickr.com/800/600/chicken,wrap?lock=100"
101,Curry Culture,Shahi Paneer,North Indian,250,3.7,Gwalior,Lashkar,Vegetarian,False,"comfort, happy, social","lunch, dinner",3.6,28,"https://loremflickr.com/800/600/shahi,paneer?lock=101"
102,Madhya Rasoi,Masala Maggi,Fast Food,130,4.0,Gwalior,Morar,Vegetarian,True,"tired, comfort, happy","snacks, dinner",5.4,36,"https://loremflickr.com/800/600/masala,maggi?lock=102"
103,Chai & Bites,Chicken Momos,Tibetan,190,4.7,Gwalior,City Centre,Non-Vegetarian,True,"adventurous, happy, social","snacks, dinner",1.7,19,"https://loremflickr.com/800/600/chicken,momos?lock=103"
104,Indore Namkeen House,Chicken Sandwich,Fast Food,190,3.7,Gwalior,Thatipur,Non-Vegetarian,False,"happy, adventurous","breakfast, snacks",5.7,37,"https://loremflickr.com/800/600/chicken,sandwich?lock=104"
105,The Dosa Corner,Cold Coffee,Beverage,130,4.7,Gwalior,Mahalgaon,Vegetarian,False,"happy, tired, social",snacks,5.4,32,"https://loremflickr.com/800/600/cold,coffee?lock=105"
106,Punjab Grill House,Paneer Butter Masala,North Indian,240,3.8,Gwalior,Lashkar,Vegetarian,False,"comfort, tired, happy","lunch, dinner",3.8,29,"https://loremflickr.com/800/600/paneer,butter,masala?lock=106"
107,South Spice,Chicken Tikka,North Indian,270,4.4,Gwalior,University Road,Non-Vegetarian,True,"adventurous, happy, social","lunch, dinner",3.1,34,"https://loremflickr.com/800/600/chicken,tikka?lock=107"
108,Cafe Central,Pav Bhaji,Street Food,140,4.0,Gwalior,City Centre,Vegetarian,True,"happy, comfort, social","snacks, dinner",2.3,25,"https://loremflickr.com/800/600/pav,bhaji?lock=108"
109,Flavours of India,Chicken Pizza,Italian,320,4.3,Gwalior,Morar,Non-Vegetarian,True,"happy, adventurous, social","lunch, dinner",3.8,33,"https://loremflickr.com/800/600/chicken,pizza?lock=109"
110,Biryani Junction,Jain Thali,North Indian,230,4.4,Gwalior,Hazira,Jain,False,"healthy, relaxed, comfort","lunch, dinner",7.5,44,"https://loremflickr.com/800/600/jain,thali?lock=110"
111,Healthy Plate,Egg Curry,North Indian,190,4.1,Gwalior,University Road,Non-Vegetarian,True,"comfort, tired","lunch, dinner",6.3,36,"https://loremflickr.com/800/600/egg,curry?lock=111"
112,Street Food Hub,Hakka Spring Rolls,Chinese,140,4.2,Gwalior,Phalka Bazar,Vegetarian,True,"adventurous, happy, social",snacks,3.0,31,"https://loremflickr.com/800/600/hakka,spring,rolls?lock=112"
113,Royal Biryani,White Sauce Pasta,Italian,230,4.2,Gwalior,Thatipur,Vegetarian,False,"comfort, tired, happy","lunch, dinner",4.7,34,"https://loremflickr.com/800/600/white,sauce,pasta?lock=113"
114,Cafe Aroma,Paneer Salad,Healthy,220,4.7,Gwalior,Mahalgaon,Vegetarian,False,"healthy, relaxed, tired","lunch, dinner",5.7,32,"https://loremflickr.com/800/600/paneer,salad?lock=114"
115,Rajasthani Rasoi,Rasmalai,Dessert,100,4.0,Gwalior,Lashkar,Vegetarian,False,"happy, relaxed, social","snacks, dinner",3.8,32,https://loremflickr.com/800/600/rasmalai?lock=115
116,Sweet & Savoury,Veg Biryani,Biryani,190,4.6,Gwalior,City Centre,Vegetarian,True,"comfort, happy, tired","lunch, dinner",3.2,31,"https://loremflickr.com/800/600/veg,biryani?lock=116"
117,The Food Factory,Veg Manchurian,Chinese,160,4.6,Gwalior,Morar,Vegetarian,True,"happy, adventurous, comfort","snacks, dinner",3.6,24,"https://loremflickr.com/800/600/veg,manchurian?lock=117"
118,Masala Magic,Raj Kachori,Street Food,120,4.4,Gwalior,Hazira,Vegetarian,True,"adventurous, happy, social",snacks,6.8,39,"https://loremflickr.com/800/600/raj,kachori?lock=118"
119,Pizza Craft,Paneer Wrap,Fast Food,190,4.3,Gwalior,Thatipur,Vegetarian,True,"tired, healthy, happy","lunch, snacks",4.9,33,"https://loremflickr.com/800/600/paneer,wrap?lock=119"
120,Burger Station,Palak Paneer,North Indian,230,4.0,Gwalior,University Road,Vegetarian,False,"healthy, comfort, relaxed","lunch, dinner",5.5,30,"https://loremflickr.com/800/600/palak,paneer?lock=120"
121,Tandoori House,Masala Maggi,Fast Food,130,4.6,Gwalior,City Centre,Vegetarian,True,"tired, comfort, happy","snacks, dinner",3.5,34,"https://loremflickr.com/800/600/masala,maggi?lock=121"
122,The Spice Route,Chicken Momos,Tibetan,180,3.9,Gwalior,Lashkar,Non-Vegetarian,True,"adventurous, happy, social","snacks, dinner",4.9,34,"https://loremflickr.com/800/600/chicken,momos?lock=122"
123,Gwalior Zaika,Chicken Sandwich,Fast Food,170,4.3,Gwalior,Thatipur,Non-Vegetarian,False,"happy, adventurous","breakfast, snacks",5.7,32,"https://loremflickr.com/800/600/chicken,sandwich?lock=123"
124,Royal Rasoi,Cold Coffee,Beverage,100,4.6,Gwalior,Morar,Vegetarian,False,"happy, tired, social",snacks,5.7,43,"https://loremflickr.com/800/600/cold,coffee?lock=124"
125,Swaad Junction,Paneer Butter Masala,North Indian,250,4.0,Gwalior,Mahalgaon,Vegetarian,False,"comfort, tired, happy","lunch, dinner",5.5,35,"https://loremflickr.com/800/600/paneer,butter,masala?lock=125"
126,Urban Tadka,Chicken Tikka,North Indian,300,4.5,Gwalior,City Centre,Non-Vegetarian,True,"adventurous, happy, social","lunch, dinner",2.5,31,"https://loremflickr.com/800/600/chicken,tikka?lock=126"
127,Shree Bhojan,Pav Bhaji,Street Food,140,4.2,Gwalior,Phalka Bazar,Vegetarian,True,"happy, comfort, social","snacks, dinner",1.6,29,"https://loremflickr.com/800/600/pav,bhaji?lock=127"
128,Desi Zaika,Chicken Pizza,Italian,320,4.0,Gwalior,Hazira,Non-Vegetarian,True,"happy, adventurous, social","lunch, dinner",4.2,34,"https://loremflickr.com/800/600/chicken,pizza?lock=128"
129,Food Street Gwalior,Jain Thali,North Indian,260,4.6,Gwalior,Thatipur,Jain,False,"healthy, relaxed, comfort","lunch, dinner",3.9,28,"https://loremflickr.com/800/600/jain,thali?lock=129"
130,The Green Bowl,Egg Curry,North Indian,190,3.8,Gwalior,University Road,Non-Vegetarian,True,"comfort, tired","lunch, dinner",3.8,28,"https://loremflickr.com/800/600/egg,curry?lock=130"
131,Curry Culture,Hakka Spring Rolls,Chinese,150,4.7,Gwalior,Lashkar,Vegetarian,True,"adventurous, happy, social",snacks,1.8,20,"https://loremflickr.com/800/600/hakka,spring,rolls?lock=131"
132,Madhya Rasoi,White Sauce Pasta,Italian,230,4.5,Gwalior,Morar,Vegetarian,False,"comfort, tired, happy","lunch, dinner",5.8,31,"https://loremflickr.com/800/600/white,sauce,pasta?lock=132"
133,Chai & Bites,Paneer Salad,Healthy,190,4.1,Gwalior,City Centre,Vegetarian,False,"healthy, relaxed, tired","lunch, dinner",2.4,21,"https://loremflickr.com/800/600/paneer,salad?lock=133"
134,Indore Namkeen House,Rasmalai,Dessert,150,4.2,Gwalior,Thatipur,Vegetarian,False,"happy, relaxed, social","snacks, dinner",5.6,37,https://loremflickr.com/800/600/rasmalai?lock=134
135,The Dosa Corner,Veg Biryani,Biryani,230,3.7,Gwalior,Mahalgaon,Vegetarian,True,"comfort, happy, tired","lunch, dinner",6.0,38,"https://loremflickr.com/800/600/veg,biryani?lock=135"
136,Punjab Grill House,Veg Manchurian,Chinese,170,3.7,Gwalior,Lashkar,Vegetarian,True,"happy, adventurous, comfort","snacks, dinner",2.7,31,"https://loremflickr.com/800/600/veg,manchurian?lock=136"
137,South Spice,Raj Kachori,Street Food,150,4.7,Gwalior,University Road,Vegetarian,True,"adventurous, happy, social",snacks,6.3,39,"https://loremflickr.com/800/600/raj,kachori?lock=137"
138,Cafe Central,Paneer Wrap,Fast Food,190,4.3,Gwalior,City Centre,Vegetarian,True,"tired, healthy, happy","lunch, snacks",2.8,24,"https://loremflickr.com/800/600/paneer,wrap?lock=138"
139,Flavours of India,Palak Paneer,North Indian,220,4.0,Gwalior,Morar,Vegetarian,False,"healthy, comfort, relaxed","lunch, dinner",4.9,33,"https://loremflickr.com/800/600/palak,paneer?lock=139"
140,Biryani Junction,Upma,South Indian,110,4.4,Gwalior,Hazira,Vegetarian,False,"healthy, tired, relaxed",breakfast,5.0,30,https://loremflickr.com/800/600/upma?lock=140
141,Healthy Plate,Momos,Tibetan,150,4.7,Gwalior,University Road,Vegetarian,True,"happy, adventurous, social","snacks, dinner",6.9,41,https://loremflickr.com/800/600/momos?lock=141
142,Street Food Hub,Grilled Paneer Sandwich,Fast Food,170,4.4,Gwalior,Phalka Bazar,Vegetarian,False,"healthy, tired, happy","breakfast, snacks",3.3,24,"https://loremflickr.com/800/600/grilled,paneer,sandwich?lock=142"
143,Royal Biryani,Masala Chai,Beverage,50,3.8,Gwalior,Thatipur,Vegetarian,False,"relaxed, tired, comfort","breakfast, snacks",3.8,25,"https://loremflickr.com/800/600/masala,chai?lock=143"
144,Cafe Aroma,Paneer Tikka,North Indian,220,4.1,Gwalior,Mahalgaon,Vegetarian,True,"comfort, happy, social","lunch, dinner",4.3,30,"https://loremflickr.com/800/600/paneer,tikka?lock=144"
145,Rajasthani Rasoi,Butter Chicken,North Indian,290,4.0,Gwalior,Lashkar,Non-Vegetarian,True,"comfort, happy, tired","lunch, dinner",4.8,33,"https://loremflickr.com/800/600/butter,chicken?lock=145"
146,Sweet & Savoury,Vada Sambar,South Indian,130,3.8,Gwalior,City Centre,Vegetarian,True,"happy, comfort","breakfast, snacks",1.3,24,"https://loremflickr.com/800/600/vada,sambar?lock=146"
147,The Food Factory,Farmhouse Pizza,Italian,290,3.9,Gwalior,Morar,Vegetarian,False,"happy, social, adventurous","lunch, dinner",3.3,35,"https://loremflickr.com/800/600/farmhouse,pizza?lock=147"
148,Masala Magic,Special Thali,North Indian,240,4.5,Gwalior,Hazira,Vegetarian,True,"comfort, happy, social","lunch, dinner",7.7,39,"https://loremflickr.com/800/600/special,thali?lock=148"
149,Pizza Craft,Tandoori Chicken,North Indian,280,4.4,Gwalior,Thatipur,Non-Vegetarian,True,"adventurous, happy, social","lunch, dinner",3.0,28,"https://loremflickr.com/800/600/tandoori,chicken?lock=149"
150,Burger Station,Chilli Paneer,Chinese,190,4.3,Gwalior,University Road,Vegetarian,True,"adventurous, happy, social","snacks, dinner",3.5,33,"https://loremflickr.com/800/600/chilli,paneer?lock=150"
151,Tandoori House,White Sauce Pasta,Italian,260,4.1,Gwalior,City Centre,Vegetarian,False,"comfort, tired, happy","lunch, dinner",2.8,34,"https://loremflickr.com/800/600/white,sauce,pasta?lock=151"
152,The Spice Route,Paneer Salad,Healthy,210,3.8,Gwalior,Lashkar,Vegetarian,False,"healthy, relaxed, tired","lunch, dinner",4.4,39,"https://loremflickr.com/800/600/paneer,salad?lock=152"
153,Gwalior Zaika,Rasmalai,Dessert,100,4.3,Gwalior,Thatipur,Vegetarian,False,"happy, relaxed, social","snacks, dinner",5.7,38,https://loremflickr.com/800/600/rasmalai?lock=153
154,Royal Rasoi,Veg Biryani,Biryani,210,4.1,Gwalior,Morar,Vegetarian,True,"comfort, happy, tired","lunch, dinner",5.9,32,"https://loremflickr.com/800/600/veg,biryani?lock=154"
155,Swaad Junction,Veg Manchurian,Chinese,190,4.6,Gwalior,Mahalgaon,Vegetarian,True,"happy, adventurous, comfort","snacks, dinner",3.5,33,"https://loremflickr.com/800/600/veg,manchurian?lock=155"
156,Urban Tadka,Raj Kachori,Street Food,120,4.6,Gwalior,City Centre,Vegetarian,True,"adventurous, happy, social",snacks,2.8,23,"https://loremflickr.com/800/600/raj,kachori?lock=156"
157,Shree Bhojan,Paneer Wrap,Fast Food,180,4.6,Gwalior,Phalka Bazar,Vegetarian,True,"tired, healthy, happy","lunch, snacks",2.2,25,"https://loremflickr.com/800/600/paneer,wrap?lock=157"
158,Desi Zaika,Palak Paneer,North Indian,230,3.8,Gwalior,Hazira,Vegetarian,False,"healthy, comfort, relaxed","lunch, dinner",6.2,32,"https://loremflickr.com/800/600/palak,paneer?lock=158"
159,Food Street Gwalior,Upma,South Indian,90,4.6,Gwalior,Thatipur,Vegetarian,False,"healthy, tired, relaxed",breakfast,2.4,33,https://loremflickr.com/800/600/upma?lock=159
160,The Green Bowl,Momos,Tibetan,170,4.7,Gwalior,University Road,Vegetarian,True,"happy, adventurous, social","snacks, dinner",4.6,29,https://loremflickr.com/800/600/momos?lock=160
161,Curry Culture,Grilled Paneer Sandwich,Fast Food,160,4.5,Gwalior,Lashkar,Vegetarian,False,"healthy, tired, happy","breakfast, snacks",4.9,31,"https://loremflickr.com/800/600/grilled,paneer,sandwich?lock=161"
162,Madhya Rasoi,Masala Chai,Beverage,80,4.7,Gwalior,Morar,Vegetarian,False,"relaxed, tired, comfort","breakfast, snacks",6.1,37,"https://loremflickr.com/800/600/masala,chai?lock=162"
163,Chai & Bites,Paneer Tikka,North Indian,250,4.5,Gwalior,City Centre,Vegetarian,True,"comfort, happy, social","lunch, dinner",1.9,30,"https://loremflickr.com/800/600/paneer,tikka?lock=163"
164,Indore Namkeen House,Butter Chicken,North Indian,320,4.7,Gwalior,Thatipur,Non-Vegetarian,True,"comfort, happy, tired","lunch, dinner",3.1,28,"https://loremflickr.com/800/600/butter,chicken?lock=164"
165,The Dosa Corner,Vada Sambar,South Indian,130,4.2,Gwalior,Mahalgaon,Vegetarian,True,"happy, comfort","breakfast, snacks",4.9,33,"https://loremflickr.com/800/600/vada,sambar?lock=165"
166,Punjab Grill House,Farmhouse Pizza,Italian,270,4.2,Gwalior,Lashkar,Vegetarian,False,"happy, social, adventurous","lunch, dinner",2.6,27,"https://loremflickr.com/800/600/farmhouse,pizza?lock=166"
167,South Spice,Special Thali,North Indian,260,4.6,Gwalior,University Road,Vegetarian,True,"comfort, happy, social","lunch, dinner",4.0,36,"https://loremflickr.com/800/600/special,thali?lock=167"
168,Cafe Central,Tandoori Chicken,North Indian,320,4.7,Gwalior,City Centre,Non-Vegetarian,True,"adventurous, happy, social","lunch, dinner",2.6,28,"https://loremflickr.com/800/600/tandoori,chicken?lock=168"
169,Flavours of India,Chilli Paneer,Chinese,200,3.8,Gwalior,Morar,Vegetarian,True,"adventurous, happy, social","snacks, dinner",5.9,37,"https://loremflickr.com/800/600/chilli,paneer?lock=169"
170,Biryani Junction,Veg Pasta,Italian,240,4.0,Gwalior,Hazira,Vegetarian,False,"comfort, tired, happy","lunch, dinner",5.4,38,"https://loremflickr.com/800/600/veg,pasta?lock=170"
171,Healthy Plate,Sprouts Chaat,Healthy,120,4.6,Gwalior,University Road,Vegetarian,True,"healthy, adventurous, tired","breakfast, snacks",2.9,25,"https://loremflickr.com/800/600/sprouts,chaat?lock=171"
172,Street Food Hub,Gulab Jamun,Dessert,110,4.0,Gwalior,Phalka Bazar,Vegetarian,False,"happy, comfort, social","snacks, dinner",3.3,28,"https://loremflickr.com/800/600/gulab,jamun?lock=172"
173,Royal Biryani,Chole Bhature,North Indian,170,4.3,Gwalior,Thatipur,Vegetarian,True,"happy, adventurous, comfort","breakfast, lunch",3.7,34,"https://loremflickr.com/800/600/chole,bhature?lock=173"
174,Cafe Aroma,Chicken Hakka Noodles,Chinese,230,4.1,Gwalior,Mahalgaon,Non-Vegetarian,True,"tired, adventurous, happy","lunch, dinner",4.3,30,"https://loremflickr.com/800/600/chicken,hakka,noodles?lock=174"
175,Rajasthani Rasoi,Samosa Chaat,Street Food,90,3.8,Gwalior,Lashkar,Vegetarian,True,"happy, social, comfort",snacks,2.2,21,"https://loremflickr.com/800/600/samosa,chaat?lock=175"
176,Sweet & Savoury,Chicken Burger,Fast Food,220,4.7,Gwalior,City Centre,Non-Vegetarian,True,"happy, adventurous, comfort","lunch, snacks, dinner",3.0,24,"https://loremflickr.com/800/600/chicken,burger?lock=176"
177,The Food Factory,Kadhi Chawal,North Indian,180,4.2,Gwalior,Morar,Vegetarian,False,"comfort, tired, healthy",lunch,5.9,43,"https://loremflickr.com/800/600/kadhi,chawal?lock=177"
178,Masala Magic,Poha,Indian,90,4.4,Gwalior,Hazira,Vegetarian,False,"healthy, tired, relaxed",breakfast,7.9,48,https://loremflickr.com/800/600/poha?lock=178
179,Pizza Craft,Chicken Fried Rice,Chinese,220,4.0,Gwalior,Thatipur,Non-Vegetarian,True,"comfort, adventurous, happy","lunch, dinner",2.7,21,"https://loremflickr.com/800/600/chicken,fried,rice?lock=179"
180,Burger Station,Veg Sandwich,Fast Food,130,3.8,Gwalior,University Road,Vegetarian,False,"healthy, tired, happy","breakfast, snacks",2.7,22,"https://loremflickr.com/800/600/veg,sandwich?lock=180"
181,Kesar Kitchen,Kaju Masala,North Indian,280,4.0,Gwalior,Lashkar,Vegetarian,False,"['comfort', 'happy']","['lunch', 'dinner']",2.6,27,"https://loremflickr.com/800/600/kaju,masala?lock=181"
182,Rasoi Express,Matar Mushroom,North Indian,200,4.8,Gwalior,Thatipur,Vegetarian,False,"['healthy', 'relaxed']","['lunch', 'dinner']",2.7,27,"https://loremflickr.com/800/600/matar,mushroom?lock=182"
183,Maa Annapurna Bhoj,Dum Aloo Banarasi,North Indian,240,3.8,Gwalior,Morar,Vegetarian,True,"['comfort', 'adventurous']","['lunch', 'dinner']",6.3,34,"https://loremflickr.com/800/600/dum,aloo,banarasi?lock=183"
184,Gwalior Food Studio,Kashmiri Pulao,North Indian,260,4.0,Gwalior,City Centre,Vegetarian,False,"['relaxed', 'happy']","['lunch', 'dinner']",3.6,33,"https://loremflickr.com/800/600/kashmiri,pulao?lock=184"
185,Desi Dastarkhwan,Amritsari Kulcha,Punjabi,180,4.2,Gwalior,Hazira,Vegetarian,True,"['happy', 'comfort']","['breakfast', 'lunch']",6.9,41,"https://loremflickr.com/800/600/amritsari,kulcha?lock=185"
186,Zaika-e-Gwalior,Chole Kulche,Punjabi,120,3.8,Gwalior,Phalka Bazar,Vegetarian,True,"['happy', 'adventurous']","['breakfast', 'lunch']",3.0,31,"https://loremflickr.com/800/600/chole,kulche?lock=186"
187,Spice Garden,Paneer Lababdar,North Indian,290,4.1,Gwalior,University Road,Vegetarian,False,"['comfort', 'happy']","['lunch', 'dinner']",6.1,34,"https://loremflickr.com/800/600/paneer,lababdar?lock=187"
188,Shahi Handi,Paneer Do Pyaza,North Indian,240,4.1,Gwalior,Mahalgaon,Vegetarian,True,"['comfort', 'tired']","['lunch', 'dinner']",4.3,34,"https://loremflickr.com/800/600/paneer,do,pyaza?lock=188"
189,Urban Rasoi,Kadhai Paneer,North Indian,270,3.9,Gwalior,Lashkar,Vegetarian,True,"['comfort', 'happy']","['lunch', 'dinner']",5.0,36,"https://loremflickr.com/800/600/kadhai,paneer?lock=189"
190,Tawa Junction,Achari Paneer,North Indian,265,3.7,Gwalior,Thatipur,Vegetarian,True,"['adventurous', 'happy']","['lunch', 'dinner']",5.7,41,"https://loremflickr.com/800/600/achari,paneer?lock=190"
191,Bhookh Lagi,Methi Malai Paneer,North Indian,265,4.0,Gwalior,Morar,Vegetarian,False,"['relaxed', 'comfort']","['lunch', 'dinner']",5.9,35,"https://loremflickr.com/800/600/methi,malai,paneer?lock=191"
192,The Curry Leaf,Corn Palak,North Indian,210,4.8,Gwalior,City Centre,Vegetarian,False,"['healthy', 'relaxed']","['lunch', 'dinner']",1.3,27,"https://loremflickr.com/800/600/corn,palak?lock=192"
193,Nawab's Kitchen,Mushroom Do Pyaza,North Indian,240,4.0,Gwalior,Hazira,Vegetarian,True,"['adventurous', 'comfort']","['lunch', 'dinner']",6.6,37,"https://loremflickr.com/800/600/mushroom,do,pyaza?lock=193"
194,Saffron Table,Veg Kofta Curry,North Indian,215,4.0,Gwalior,University Road,Vegetarian,False,"['comfort', 'happy']","['lunch', 'dinner']",4.2,30,"https://loremflickr.com/800/600/veg,kofta,curry?lock=194"
195,Chatkara Point,Dum Aloo Punjabi,Punjabi,200,4.6,Gwalior,Phalka Bazar,Vegetarian,True,"['comfort', 'happy']","['lunch', 'dinner']",2.8,29,"https://loremflickr.com/800/600/dum,aloo,punjabi?lock=195"
196,Dakshin Rasoi,Sarson Saag,Punjabi,170,4.2,Gwalior,Mahalgaon,Vegetarian,False,"['healthy', 'comfort']","['lunch', 'dinner']",2.5,30,"https://loremflickr.com/800/600/sarson,saag?lock=196"
197,Desi Dhaba,Makki Di Roti,Punjabi,150,4.2,Gwalior,Lashkar,Vegetarian,False,"['comfort', 'relaxed']","['lunch', 'dinner']",4.2,28,"https://loremflickr.com/800/600/makki,di,roti?lock=197"
198,Flame & Tawa,Amritsari Paneer,Punjabi,250,4.9,Gwalior,Thatipur,Vegetarian,True,"['happy', 'adventurous']","['lunch', 'dinner']",5.7,40,"https://loremflickr.com/800/600/amritsari,paneer?lock=198"
199,Annapurna Kitchen,Chicken Handi,North Indian,310,3.8,Gwalior,Morar,Non-Vegetarian,True,"['comfort', 'happy']","['lunch', 'dinner']",5.1,40,"https://loremflickr.com/800/600/chicken,handi?lock=199"
200,The Food Lane,Chicken Korma,Mughlai,350,4.7,Gwalior,City Centre,Non-Vegetarian,False,"['comfort', 'relaxed']","['lunch', 'dinner']",1.1,21,"https://loremflickr.com/800/600/chicken,korma?lock=200"
201,Royal Tawa,Mutton Rogan Josh,Mughlai,360,4.8,Gwalior,Hazira,Non-Vegetarian,True,"['adventurous', 'comfort']","['lunch', 'dinner']",3.4,26,"https://loremflickr.com/800/600/mutton,rogan,josh?lock=201"
202,Bhopal Bites Gwalior,Mutton Korma,Mughlai,380,3.8,Gwalior,University Road,Non-Vegetarian,False,"['comfort', 'happy']","['lunch', 'dinner']",3.8,33,"https://loremflickr.com/800/600/mutton,korma?lock=202"
203,Roti & Curry,Chicken Changezi,Mughlai,350,3.9,Gwalior,Phalka Bazar,Non-Vegetarian,True,"['adventurous', 'happy']","['lunch', 'dinner']",2.6,22,"https://loremflickr.com/800/600/chicken,changezi?lock=203"
204,Masala Junction,Chicken Afghani,Mughlai,300,4.1,Gwalior,Mahalgaon,Non-Vegetarian,False,"['comfort', 'happy']","['lunch', 'dinner']",2.9,24,"https://loremflickr.com/800/600/chicken,afghani?lock=204"
205,Ghar Ka Swaad,Chicken Seekh Kebab,Mughlai,290,4.3,Gwalior,Lashkar,Non-Vegetarian,True,"['adventurous', 'social']","['snacks', 'dinner']",2.6,33,"https://loremflickr.com/800/600/chicken,seekh,kebab?lock=205"
206,Tadka Tales,Mutton Seekh Kebab,Mughlai,310,4.7,Gwalior,Thatipur,Non-Vegetarian,True,"['adventurous', 'social']","['snacks', 'dinner']",2.4,22,"https://loremflickr.com/800/600/mutton,seekh,kebab?lock=206"
207,Foodie Adda,Reshmi Kebab,Mughlai,290,4.6,Gwalior,Morar,Non-Vegetarian,False,"['comfort', 'social']","['snacks', 'dinner']",5.6,32,"https://loremflickr.com/800/600/reshmi,kebab?lock=207"
208,The Hungry Bowl,Tangdi Kebab,Mughlai,290,4.1,Gwalior,City Centre,Non-Vegetarian,True,"['adventurous', 'happy']","['snacks', 'dinner']",3.8,26,"https://loremflickr.com/800/600/tangdi,kebab?lock=208"
209,Zaika Darbar,Chicken Malai Tikka,Mughlai,320,4.2,Gwalior,Hazira,Non-Vegetarian,False,"['comfort', 'relaxed']","['snacks', 'dinner']",4.9,36,"https://loremflickr.com/800/600/chicken,malai,tikka?lock=209"
210,Rasoi 24,Mutton Keema,Mughlai,370,4.2,Gwalior,University Road,Non-Vegetarian,True,"['comfort', 'adventurous']","['lunch', 'dinner']",3.4,29,"https://loremflickr.com/800/600/mutton,keema?lock=210"
211,Chatori Gali Kitchen,Egg Bhurji,Indian,130,4.5,Gwalior,Phalka Bazar,Non-Vegetarian,True,"['tired', 'comfort']","['breakfast', 'snacks']",1.7,24,"https://loremflickr.com/800/600/egg,bhurji?lock=211"
212,Spice Villa,Egg Paratha,Indian,150,4.2,Gwalior,Mahalgaon,Non-Vegetarian,True,"['comfort', 'happy']",['breakfast'],4.6,35,"https://loremflickr.com/800/600/egg,paratha?lock=212"
213,Khaao Ghar,Chicken Keema Pav,Indian,220,4.1,Gwalior,Lashkar,Non-Vegetarian,True,"['comfort', 'happy']","['breakfast', 'dinner']",1.8,22,"https://loremflickr.com/800/600/chicken,keema,pav?lock=213"
214,Dilli Darbar Gwalior,Anda Curry,Indian,200,4.0,Gwalior,Thatipur,Non-Vegetarian,True,"['comfort', 'tired']","['lunch', 'dinner']",4.9,37,"https://loremflickr.com/800/600/anda,curry?lock=214"
215,Tawa Treat,Chicken Kathi Roll,Indian,240,4.7,Gwalior,Morar,Non-Vegetarian,True,"['happy', 'adventurous']","['snacks', 'dinner']",4.8,29,"https://loremflickr.com/800/600/chicken,kathi,roll?lock=215"
216,The Indian Platter,Paneer Kathi Roll,Indian,180,4.5,Gwalior,City Centre,Vegetarian,True,"['happy', 'adventurous']","['snacks', 'dinner']",2.6,31,"https://loremflickr.com/800/600/paneer,kathi,roll?lock=216"
217,Curry & Crust,Aloo Paratha,Punjabi,110,4.4,Gwalior,Hazira,Vegetarian,True,"['comfort', 'tired']",['breakfast'],7.9,38,"https://loremflickr.com/800/600/aloo,paratha?lock=217"
218,Flavour Junction,Paneer Paratha,Punjabi,140,4.0,Gwalior,University Road,Vegetarian,True,"['comfort', 'happy']",['breakfast'],6.3,36,"https://loremflickr.com/800/600/paneer,paratha?lock=218"
219,Desi Bowl,Gobi Paratha,Punjabi,130,4.7,Gwalior,Phalka Bazar,Vegetarian,True,"['comfort', 'healthy']",['breakfast'],1.9,22,"https://loremflickr.com/800/600/gobi,paratha?lock=219"
220,Rasoi Republic,Mix Veg Paratha,Punjabi,160,4.4,Gwalior,Mahalgaon,Vegetarian,True,"['healthy', 'comfort']",['breakfast'],5.2,38,"https://loremflickr.com/800/600/mix,veg,paratha?lock=220"
221,The Punjabi Table,Methi Paratha,Punjabi,120,3.8,Gwalior,Lashkar,Vegetarian,False,"['healthy', 'relaxed']",['breakfast'],2.8,27,"https://loremflickr.com/800/600/methi,paratha?lock=221"
222,Dosa District,Pindi Chole,Punjabi,190,4.3,Gwalior,Thatipur,Vegetarian,True,"['happy', 'comfort']","['breakfast', 'lunch']",3.9,33,"https://loremflickr.com/800/600/pindi,chole?lock=222"
223,Biryani Darbar,Amritsari Fish,Punjabi,290,4.2,Gwalior,Morar,Non-Vegetarian,True,"['adventurous', 'happy']","['lunch', 'dinner']",6.8,45,"https://loremflickr.com/800/600/amritsari,fish?lock=223"
224,Healthy Habits Cafe,Tandoori Fish,Indian,310,4.6,Gwalior,City Centre,Non-Vegetarian,True,"['healthy', 'adventurous']","['lunch', 'dinner']",3.2,32,"https://loremflickr.com/800/600/tandoori,fish?lock=224"
225,Snack Station,Fish Tikka,Indian,280,4.8,Gwalior,Hazira,Non-Vegetarian,True,"['healthy', 'adventurous']","['snacks', 'dinner']",4.0,30,"https://loremflickr.com/800/600/fish,tikka?lock=225"
226,Mitti Ki Rasoi,Prawn Masala,Indian,310,3.9,Gwalior,University Road,Non-Vegetarian,True,"['adventurous', 'happy']","['lunch', 'dinner']",2.9,33,"https://loremflickr.com/800/600/prawn,masala?lock=226"
227,The Chaat Lab,Prawn Biryani,Biryani,350,4.0,Gwalior,Phalka Bazar,Non-Vegetarian,True,"['adventurous', 'happy']","['lunch', 'dinner']",1.3,22,"https://loremflickr.com/800/600/prawn,biryani?lock=227"
228,Royal Thali House,Kolkata Chicken Biryani,Biryani,330,4.3,Gwalior,Mahalgaon,Non-Vegetarian,False,"['comfort', 'adventurous']","['lunch', 'dinner']",3.5,34,"https://loremflickr.com/800/600/kolkata,chicken,biryani?lock=228"
229,Taste Trail,Hyderabadi Veg Biryani,Biryani,220,4.9,Gwalior,Lashkar,Vegetarian,True,"['adventurous', 'comfort']","['lunch', 'dinner']",3.3,35,"https://loremflickr.com/800/600/hyderabadi,veg,biryani?lock=229"
230,Gharana Kitchen,Hyderabadi Chicken Biryani,Biryani,290,4.5,Gwalior,Thatipur,Non-Vegetarian,True,"['adventurous', 'comfort']","['lunch', 'dinner']",5.6,33,"https://loremflickr.com/800/600/hyderabadi,chicken,biryani?lock=230"
231,Kesar Kitchen,Lucknowi Chicken Biryani,Biryani,330,3.7,Gwalior,Lashkar,Non-Vegetarian,False,"['comfort', 'relaxed']","['lunch', 'dinner']",3.6,36,"https://loremflickr.com/800/600/lucknowi,chicken,biryani?lock=231"
232,Rasoi Express,Paneer Biryani,Biryani,260,4.1,Gwalior,Thatipur,Vegetarian,True,"['comfort', 'happy']","['lunch', 'dinner']",2.8,34,"https://loremflickr.com/800/600/paneer,biryani?lock=232"
233,Maa Annapurna Bhoj,Mushroom Biryani,Biryani,250,4.9,Gwalior,Morar,Vegetarian,True,"['healthy', 'adventurous']","['lunch', 'dinner']",3.2,32,"https://loremflickr.com/800/600/mushroom,biryani?lock=233"
234,Gwalior Food Studio,Jeera Rice,Indian,90,3.8,Gwalior,City Centre,Vegetarian,False,"['comfort', 'relaxed']","['lunch', 'dinner']",2.5,33,"https://loremflickr.com/800/600/jeera,rice?lock=234"
235,Desi Dastarkhwan,Veg Pulao,Indian,130,3.9,Gwalior,Hazira,Vegetarian,False,"['healthy', 'comfort']","['lunch', 'dinner']",6.6,38,"https://loremflickr.com/800/600/veg,pulao?lock=235"
236,Zaika-e-Gwalior,Kashmiri Dum Aloo,Kashmiri,210,4.6,Gwalior,Phalka Bazar,Vegetarian,True,"['adventurous', 'comfort']","['lunch', 'dinner']",3.6,26,"https://loremflickr.com/800/600/kashmiri,dum,aloo?lock=236"
237,Spice Garden,Kashmiri Rajma,Kashmiri,200,4.7,Gwalior,University Road,Vegetarian,False,"['healthy', 'comfort']","['lunch', 'dinner']",4.0,38,"https://loremflickr.com/800/600/kashmiri,rajma?lock=237"
238,Shahi Handi,Dal Tadka,North Indian,180,4.6,Gwalior,Mahalgaon,Vegetarian,True,"['comfort', 'tired']","['lunch', 'dinner']",2.5,33,"https://loremflickr.com/800/600/dal,tadka?lock=238"
239,Urban Rasoi,Dal Fry,North Indian,170,4.8,Gwalior,Lashkar,Vegetarian,False,"['comfort', 'healthy']","['lunch', 'dinner']",3.2,35,"https://loremflickr.com/800/600/dal,fry?lock=239"
240,Tawa Junction,Dal Palak,North Indian,160,3.8,Gwalior,Thatipur,Vegetarian,False,"['healthy', 'relaxed']","['lunch', 'dinner']",4.9,30,"https://loremflickr.com/800/600/dal,palak?lock=240"
241,Bhookh Lagi,Dal Panchratna,North Indian,190,4.2,Gwalior,Morar,Vegetarian,False,"['healthy', 'comfort']","['lunch', 'dinner']",5.8,42,"https://loremflickr.com/800/600/dal,panchratna?lock=241"
242,The Curry Leaf,Bhindi Masala,North Indian,150,4.5,Gwalior,City Centre,Vegetarian,True,"['healthy', 'comfort']","['lunch', 'dinner']",1.2,18,"https://loremflickr.com/800/600/bhindi,masala?lock=242"
243,Nawab's Kitchen,Baingan Bharta,North Indian,200,4.9,Gwalior,Hazira,Vegetarian,True,"['comfort', 'relaxed']","['lunch', 'dinner']",7.7,38,"https://loremflickr.com/800/600/baingan,bharta?lock=243"
244,Saffron Table,Jeera Aloo,North Indian,160,4.5,Gwalior,University Road,Vegetarian,True,"['comfort', 'tired']","['lunch', 'dinner']",2.5,23,"https://loremflickr.com/800/600/jeera,aloo?lock=244"
245,Chatkara Point,Aloo Gobi,North Indian,180,4.9,Gwalior,Phalka Bazar,Vegetarian,True,"['healthy', 'comfort']","['lunch', 'dinner']",3.9,33,"https://loremflickr.com/800/600/aloo,gobi?lock=245"
246,Dakshin Rasoi,Mix Veg Curry,North Indian,180,3.9,Gwalior,Mahalgaon,Vegetarian,False,"['healthy', 'relaxed']","['lunch', 'dinner']",4.9,35,"https://loremflickr.com/800/600/mix,veg,curry?lock=246"
247,Desi Dhaba,Veg Jalfrezi,North Indian,210,4.4,Gwalior,Lashkar,Vegetarian,True,"['healthy', 'adventurous']","['lunch', 'dinner']",2.4,30,"https://loremflickr.com/800/600/veg,jalfrezi?lock=247"
248,Flame & Tawa,Veg Korma,Mughlai,250,3.7,Gwalior,Thatipur,Vegetarian,False,"['comfort', 'happy']","['lunch', 'dinner']",4.1,38,"https://loremflickr.com/800/600/veg,korma?lock=248"
249,Annapurna Kitchen,Navratan Korma,Mughlai,280,4.8,Gwalior,Morar,Vegetarian,False,"['happy', 'comfort']","['lunch', 'dinner']",5.6,34,"https://loremflickr.com/800/600/navratan,korma?lock=249"
250,The Food Lane,Mughlai Paneer,Mughlai,260,4.3,Gwalior,City Centre,Vegetarian,False,"['comfort', 'social']","['lunch', 'dinner']",3.7,32,"https://loremflickr.com/800/600/mughlai,paneer?lock=250"
251,Royal Tawa,Paneer Afghani,Mughlai,250,4.3,Gwalior,Hazira,Vegetarian,False,"['comfort', 'relaxed']","['lunch', 'dinner']",5.4,41,"https://loremflickr.com/800/600/paneer,afghani?lock=251"
252,Bhopal Bites Gwalior,Paneer Tikka Masala,North Indian,260,4.7,Gwalior,University Road,Vegetarian,True,"['comfort', 'happy']","['lunch', 'dinner']",4.3,31,"https://loremflickr.com/800/600/paneer,tikka,masala?lock=252"
253,Roti & Curry,Lachha Paratha,North Indian,80,4.3,Gwalior,Phalka Bazar,Vegetarian,False,"['comfort', 'happy']","['breakfast', 'lunch', 'dinner']",1.8,21,"https://loremflickr.com/800/600/lachha,paratha?lock=253"
254,Masala Junction,Missi Roti,North Indian,100,4.3,Gwalior,Mahalgaon,Vegetarian,True,"['healthy', 'comfort']","['lunch', 'dinner']",6.2,35,"https://loremflickr.com/800/600/missi,roti?lock=254"
255,Ghar Ka Swaad,Rumali Roti,Mughlai,90,4.6,Gwalior,Lashkar,Vegetarian,False,"['comfort', 'social']","['lunch', 'dinner']",4.3,32,"https://loremflickr.com/800/600/rumali,roti?lock=255"
256,Tadka Tales,Garlic Naan,North Indian,90,4.6,Gwalior,Thatipur,Vegetarian,False,"['comfort', 'happy']","['lunch', 'dinner']",4.1,31,"https://loremflickr.com/800/600/garlic,naan?lock=256"
257,Foodie Adda,Butter Naan,North Indian,75,4.8,Gwalior,Morar,Vegetarian,False,"['comfort', 'happy']","['lunch', 'dinner']",5.6,40,"https://loremflickr.com/800/600/butter,naan?lock=257"
258,The Hungry Bowl,Cheese Naan,North Indian,110,4.0,Gwalior,City Centre,Vegetarian,False,"['comfort', 'happy']","['lunch', 'dinner']",3.6,28,"https://loremflickr.com/800/600/cheese,naan?lock=258"
259,Zaika Darbar,Stuffed Kulcha,Punjabi,180,4.8,Gwalior,Hazira,Vegetarian,True,"['comfort', 'happy']","['breakfast', 'lunch']",7.9,47,"https://loremflickr.com/800/600/stuffed,kulcha?lock=259"
260,Rasoi 24,Tandoori Roti,North Indian,55,3.9,Gwalior,University Road,Vegetarian,False,"['healthy', 'comfort']","['lunch', 'dinner']",4.8,31,"https://loremflickr.com/800/600/tandoori,roti?lock=260"
261,Chatori Gali Kitchen,Veg Seekh Kebab,Mughlai,190,4.2,Gwalior,Phalka Bazar,Vegetarian,True,"['adventurous', 'social']","['snacks', 'dinner']",2.5,23,"https://loremflickr.com/800/600/veg,seekh,kebab?lock=261"
262,Spice Villa,Hara Bhara Kebab,Mughlai,180,4.7,Gwalior,Mahalgaon,Vegetarian,True,"['healthy', 'adventurous']",['snacks'],5.3,34,"https://loremflickr.com/800/600/hara,bhara,kebab?lock=262"
263,Khaao Ghar,Dahi Kebab,Mughlai,190,4.3,Gwalior,Lashkar,Vegetarian,False,"['relaxed', 'adventurous']",['snacks'],3.6,36,"https://loremflickr.com/800/600/dahi,kebab?lock=263"
264,Dilli Darbar Gwalior,Corn Cheese Balls,Fast Food,180,4.4,Gwalior,Thatipur,Vegetarian,False,"['happy', 'social']",['snacks'],4.1,31,"https://loremflickr.com/800/600/corn,cheese,balls?lock=264"
265,Tawa Treat,Crispy Corn,Chinese,190,4.7,Gwalior,Morar,Vegetarian,True,"['adventurous', 'social']",['snacks'],3.5,27,"https://loremflickr.com/800/600/crispy,corn?lock=265"
266,The Indian Platter,Honey Chilli Potato,Chinese,210,4.5,Gwalior,City Centre,Vegetarian,True,"['happy', 'adventurous']",['snacks'],2.6,24,"https://loremflickr.com/800/600/honey,chilli,potato?lock=266"
267,Curry & Crust,Dragon Paneer,Chinese,250,4.3,Gwalior,Hazira,Vegetarian,True,"['adventurous', 'happy']","['snacks', 'dinner']",5.7,41,"https://loremflickr.com/800/600/dragon,paneer?lock=267"
268,Flavour Junction,Schezwan Paneer,Chinese,240,4.4,Gwalior,University Road,Vegetarian,True,"['adventurous', 'happy']","['lunch', 'dinner']",2.7,29,"https://loremflickr.com/800/600/schezwan,paneer?lock=268"
269,Desi Bowl,Schezwan Fried Rice,Chinese,220,4.0,Gwalior,Phalka Bazar,Vegetarian,True,"['adventurous', 'comfort']","['lunch', 'dinner']",3.0,33,"https://loremflickr.com/800/600/schezwan,fried,rice?lock=269"
270,Rasoi Republic,Burnt Garlic Rice,Chinese,220,3.8,Gwalior,Mahalgaon,Vegetarian,True,"['adventurous', 'happy']","['lunch', 'dinner']",3.4,33,"https://loremflickr.com/800/600/burnt,garlic,rice?lock=270"
271,The Punjabi Table,Triple Schezwan Rice,Chinese,270,4.5,Gwalior,Lashkar,Vegetarian,True,"['adventurous', 'social']","['lunch', 'dinner']",4.0,30,"https://loremflickr.com/800/600/triple,schezwan,rice?lock=271"
272,Dosa District,Chilli Garlic Noodles,Chinese,190,3.8,Gwalior,Thatipur,Vegetarian,True,"['adventurous', 'tired']","['lunch', 'dinner']",4.1,29,"https://loremflickr.com/800/600/chilli,garlic,noodles?lock=272"
273,Biryani Darbar,Singapore Noodles,Chinese,190,4.2,Gwalior,Morar,Vegetarian,True,"['adventurous', 'happy']","['lunch', 'dinner']",6.6,45,"https://loremflickr.com/800/600/singapore,noodles?lock=273"
274,Healthy Habits Cafe,Veg Chow Mein,Chinese,170,4.7,Gwalior,City Centre,Vegetarian,True,"['comfort', 'happy']","['lunch', 'dinner']",3.3,24,"https://loremflickr.com/800/600/veg,chow,mein?lock=274"
275,Snack Station,American Chopsuey,Chinese,250,4.4,Gwalior,Hazira,Vegetarian,False,"['comfort', 'happy']",['dinner'],6.3,39,"https://loremflickr.com/800/600/american,chopsuey?lock=275"
276,Mitti Ki Rasoi,Paneer Chopsuey,Chinese,220,4.7,Gwalior,University Road,Vegetarian,True,"['adventurous', 'comfort']",['dinner'],5.8,41,"https://loremflickr.com/800/600/paneer,chopsuey?lock=276"
277,The Chaat Lab,Thai Red Curry,Thai,300,4.7,Gwalior,Phalka Bazar,Vegetarian,True,"['adventurous', 'relaxed']","['lunch', 'dinner']",3.0,34,"https://loremflickr.com/800/600/thai,red,curry?lock=277"
278,Royal Thali House,Thai Green Curry,Thai,260,4.0,Gwalior,Mahalgaon,Vegetarian,True,"['healthy', 'adventurous']","['lunch', 'dinner']",3.7,37,"https://loremflickr.com/800/600/thai,green,curry?lock=278"
279,Taste Trail,Veg Pad Thai,Thai,230,4.7,Gwalior,Lashkar,Vegetarian,True,"['adventurous', 'happy']","['lunch', 'dinner']",1.8,22,"https://loremflickr.com/800/600/veg,pad,thai?lock=279"
280,Gharana Kitchen,Chicken Pad Thai,Thai,300,3.8,Gwalior,Thatipur,Non-Vegetarian,True,"['adventurous', 'happy']","['lunch', 'dinner']",3.6,34,"https://loremflickr.com/800/600/chicken,pad,thai?lock=280"
281,Kesar Kitchen,Mexican Veg Tacos,Mexican,240,4.5,Gwalior,Lashkar,Vegetarian,True,"['adventurous', 'happy']","['snacks', 'dinner']",2.8,23,"https://loremflickr.com/800/600/mexican,veg,tacos?lock=281"
282,Rasoi Express,Mexican Bean Burrito,Mexican,230,3.9,Gwalior,Thatipur,Vegetarian,True,"['comfort', 'adventurous']","['lunch', 'dinner']",5.5,41,"https://loremflickr.com/800/600/mexican,bean,burrito?lock=282"
283,Maa Annapurna Bhoj,Chicken Burrito,Mexican,270,4.5,Gwalior,Morar,Non-Vegetarian,True,"['adventurous', 'happy']","['lunch', 'dinner']",5.4,35,"https://loremflickr.com/800/600/chicken,burrito?lock=283"
284,Gwalior Food Studio,Veg Quesadilla,Mexican,220,4.3,Gwalior,City Centre,Vegetarian,False,"['comfort', 'happy']","['snacks', 'dinner']",1.2,21,"https://loremflickr.com/800/600/veg,quesadilla?lock=284"
285,Desi Dastarkhwan,Chicken Quesadilla,Mexican,270,4.0,Gwalior,Hazira,Non-Vegetarian,True,"['happy', 'adventurous']","['snacks', 'dinner']",6.0,35,"https://loremflickr.com/800/600/chicken,quesadilla?lock=285"
286,Zaika-e-Gwalior,Cheese Garlic Bread,Italian,130,4.1,Gwalior,Phalka Bazar,Vegetarian,False,"['comfort', 'social']",['snacks'],1.6,21,"https://loremflickr.com/800/600/cheese,garlic,bread?lock=286"
287,Spice Garden,Bruschetta,Italian,190,4.7,Gwalior,University Road,Vegetarian,False,"['relaxed', 'healthy']",['snacks'],3.8,36,https://loremflickr.com/800/600/bruschetta?lock=287
288,Shahi Handi,Arrabbiata Pasta,Italian,250,4.5,Gwalior,Mahalgaon,Vegetarian,True,"['adventurous', 'happy']","['lunch', 'dinner']",3.4,28,"https://loremflickr.com/800/600/arrabbiata,pasta?lock=288"
289,Urban Rasoi,Pesto Pasta,Italian,230,4.1,Gwalior,Lashkar,Vegetarian,False,"['relaxed', 'healthy']","['lunch', 'dinner']",2.2,23,"https://loremflickr.com/800/600/pesto,pasta?lock=289"
290,Tawa Junction,Lasagna Veg,Italian,260,4.8,Gwalior,Thatipur,Vegetarian,False,"['comfort', 'happy']","['lunch', 'dinner']",5.7,42,"https://loremflickr.com/800/600/lasagna,veg?lock=290"
291,Bhookh Lagi,Lasagna Chicken,Italian,320,4.0,Gwalior,Morar,Non-Vegetarian,False,"['comfort', 'happy']","['lunch', 'dinner']",7.2,41,"https://loremflickr.com/800/600/lasagna,chicken?lock=291"
292,The Curry Leaf,Four Cheese Pizza,Italian,310,4.9,Gwalior,City Centre,Vegetarian,False,"['comfort', 'social']","['lunch', 'dinner']",1.8,26,"https://loremflickr.com/800/600/four,cheese,pizza?lock=292"
293,Nawab's Kitchen,Mexican Pizza,Italian,320,4.2,Gwalior,Hazira,Vegetarian,True,"['adventurous', 'happy']","['lunch', 'dinner']",7.5,38,"https://loremflickr.com/800/600/mexican,pizza?lock=293"
294,Saffron Table,Peri Peri Chicken Pizza,Italian,350,4.1,Gwalior,University Road,Non-Vegetarian,True,"['adventurous', 'social']","['lunch', 'dinner']",6.1,37,"https://loremflickr.com/800/600/peri,peri,chicken,pizza?lock=294"
295,Chatkara Point,Paneer Tikka Pizza,Italian,300,4.7,Gwalior,Phalka Bazar,Vegetarian,True,"['happy', 'adventurous']","['lunch', 'dinner']",3.4,26,"https://loremflickr.com/800/600/paneer,tikka,pizza?lock=295"
296,Dakshin Rasoi,Cheese Burst Veg Pizza,Italian,310,4.3,Gwalior,Mahalgaon,Vegetarian,False,"['comfort', 'happy']","['lunch', 'dinner']",4.8,38,"https://loremflickr.com/800/600/cheese,burst,veg,pizza?lock=296"
297,Desi Dhaba,Veggie Loaded Burger,Fast Food,170,4.2,Gwalior,Lashkar,Vegetarian,False,"['happy', 'social']","['lunch', 'snacks']",4.1,29,"https://loremflickr.com/800/600/veggie,loaded,burger?lock=297"
298,Flame & Tawa,Peri Peri Veg Burger,Fast Food,220,4.0,Gwalior,Thatipur,Vegetarian,True,"['adventurous', 'happy']","['lunch', 'snacks']",2.1,26,"https://loremflickr.com/800/600/peri,peri,veg,burger?lock=298"
299,Annapurna Kitchen,Crispy Chicken Burger,Fast Food,230,4.0,Gwalior,Morar,Non-Vegetarian,True,"['adventurous', 'happy']","['lunch', 'snacks']",4.2,34,"https://loremflickr.com/800/600/crispy,chicken,burger?lock=299"
300,The Food Lane,Double Cheese Burger,Fast Food,220,4.1,Gwalior,City Centre,Vegetarian,False,"['comfort', 'social']","['lunch', 'snacks']",2.6,26,"https://loremflickr.com/800/600/double,cheese,burger?lock=300"
301,Royal Tawa,Paneer Cheese Burger,Fast Food,210,4.1,Gwalior,Hazira,Vegetarian,False,"['comfort', 'happy']","['lunch', 'snacks']",5.3,41,"https://loremflickr.com/800/600/paneer,cheese,burger?lock=301"
302,Bhopal Bites Gwalior,Peri Peri Fries,Fast Food,140,4.2,Gwalior,University Road,Vegetarian,True,"['adventurous', 'happy']",['snacks'],4.9,35,"https://loremflickr.com/800/600/peri,peri,fries?lock=302"
303,Roti & Curry,Cheese Fries,Fast Food,160,4.8,Gwalior,Phalka Bazar,Vegetarian,False,"['comfort', 'happy']",['snacks'],4.2,27,"https://loremflickr.com/800/600/cheese,fries?lock=303"
304,Masala Junction,Masala Fries,Fast Food,140,3.8,Gwalior,Mahalgaon,Vegetarian,True,"['happy', 'social']",['snacks'],5.6,39,"https://loremflickr.com/800/600/masala,fries?lock=304"
305,Ghar Ka Swaad,Loaded Nachos,Mexican,200,4.3,Gwalior,Lashkar,Vegetarian,True,"['social', 'happy']",['snacks'],2.6,26,"https://loremflickr.com/800/600/loaded,nachos?lock=305"
306,Tadka Tales,Cheese Nachos,Mexican,170,4.6,Gwalior,Thatipur,Vegetarian,False,"['comfort', 'social']",['snacks'],5.8,35,"https://loremflickr.com/800/600/cheese,nachos?lock=306"
307,Foodie Adda,Veg Club Sandwich,Fast Food,170,4.6,Gwalior,Morar,Vegetarian,False,"['happy', 'tired']","['breakfast', 'snacks']",5.0,34,"https://loremflickr.com/800/600/veg,club,sandwich?lock=307"
308,The Hungry Bowl,Chicken Club Sandwich,Fast Food,220,4.7,Gwalior,City Centre,Non-Vegetarian,False,"['happy', 'social']","['breakfast', 'snacks']",2.6,32,"https://loremflickr.com/800/600/chicken,club,sandwich?lock=308"
309,Zaika Darbar,Paneer Club Sandwich,Fast Food,240,3.7,Gwalior,Hazira,Vegetarian,False,"['happy', 'healthy']","['breakfast', 'snacks']",5.4,38,"https://loremflickr.com/800/600/paneer,club,sandwich?lock=309"
310,Rasoi 24,Avocado Toast,Healthy,240,4.2,Gwalior,University Road,Vegetarian,False,"['healthy', 'relaxed']",['breakfast'],5.7,35,"https://loremflickr.com/800/600/avocado,toast?lock=310"
311,Chatori Gali Kitchen,Peanut Butter Toast,Healthy,130,4.6,Gwalior,Phalka Bazar,Vegetarian,False,"['healthy', 'tired']",['breakfast'],4.3,38,"https://loremflickr.com/800/600/peanut,butter,toast?lock=311"
312,Spice Villa,Granola Yogurt Bowl,Healthy,200,4.5,Gwalior,Mahalgaon,Vegetarian,False,"['healthy', 'relaxed']",['breakfast'],6.4,39,"https://loremflickr.com/800/600/granola,yogurt,bowl?lock=312"
313,Khaao Ghar,Greek Salad,Healthy,250,4.5,Gwalior,Lashkar,Vegetarian,False,"['healthy', 'relaxed']","['lunch', 'dinner']",4.1,38,"https://loremflickr.com/800/600/greek,salad?lock=313"
314,Dilli Darbar Gwalior,Quinoa Veg Bowl,Healthy,260,3.7,Gwalior,Thatipur,Vegetarian,False,"['healthy', 'tired']","['lunch', 'dinner']",4.8,31,"https://loremflickr.com/800/600/quinoa,veg,bowl?lock=314"
315,Tawa Treat,Grilled Chicken Bowl,Healthy,270,4.5,Gwalior,Morar,Non-Vegetarian,False,"['healthy', 'adventurous']","['lunch', 'dinner']",7.0,36,"https://loremflickr.com/800/600/grilled,chicken,bowl?lock=315"
316,The Indian Platter,Protein Paneer Bowl,Healthy,260,4.1,Gwalior,City Centre,Vegetarian,True,"['healthy', 'happy']","['lunch', 'dinner']",1.4,21,"https://loremflickr.com/800/600/protein,paneer,bowl?lock=316"
317,Curry & Crust,Sprouts Sandwich,Healthy,180,4.8,Gwalior,Hazira,Vegetarian,False,"['healthy', 'tired']","['breakfast', 'snacks']",5.9,41,"https://loremflickr.com/800/600/sprouts,sandwich?lock=317"
318,Flavour Junction,Multigrain Veg Wrap,Healthy,180,3.9,Gwalior,University Road,Vegetarian,False,"['healthy', 'tired']","['lunch', 'snacks']",5.6,34,"https://loremflickr.com/800/600/multigrain,veg,wrap?lock=318"
319,Desi Bowl,Chicken Caesar Salad,Healthy,290,4.7,Gwalior,Phalka Bazar,Non-Vegetarian,False,"['healthy', 'relaxed']","['lunch', 'dinner']",4.0,32,"https://loremflickr.com/800/600/chicken,caesar,salad?lock=319"
320,Rasoi Republic,Orange Detox Juice,Beverage,110,4.2,Gwalior,Mahalgaon,Vegetarian,False,"['healthy', 'relaxed']","['breakfast', 'snacks']",5.6,35,"https://loremflickr.com/800/600/orange,detox,juice?lock=320"
321,The Punjabi Table,Watermelon Cooler,Beverage,100,4.3,Gwalior,Lashkar,Vegetarian,False,"['healthy', 'happy']",['snacks'],2.9,26,"https://loremflickr.com/800/600/watermelon,cooler?lock=321"
322,Dosa District,Mint Lemonade,Beverage,100,4.8,Gwalior,Thatipur,Vegetarian,False,"['relaxed', 'happy']",['snacks'],3.9,33,"https://loremflickr.com/800/600/mint,lemonade?lock=322"
323,Biryani Darbar,Rose Milk,Beverage,100,4.1,Gwalior,Morar,Vegetarian,False,"['relaxed', 'happy']",['snacks'],4.8,37,"https://loremflickr.com/800/600/rose,milk?lock=323"
324,Healthy Habits Cafe,Kesar Badam Milk,Beverage,120,4.5,Gwalior,City Centre,Vegetarian,False,"['comfort', 'relaxed']","['breakfast', 'snacks']",3.3,32,"https://loremflickr.com/800/600/kesar,badam,milk?lock=324"
325,Snack Station,Filter Coffee,Beverage,90,4.6,Gwalior,Hazira,Vegetarian,False,"['tired', 'relaxed']","['breakfast', 'snacks']",7.4,47,"https://loremflickr.com/800/600/filter,coffee?lock=325"
326,Mitti Ki Rasoi,Ginger Tea,Beverage,90,3.8,Gwalior,University Road,Vegetarian,False,"['tired', 'comfort']","['breakfast', 'snacks']",5.6,36,"https://loremflickr.com/800/600/ginger,tea?lock=326"
327,The Chaat Lab,Elaichi Tea,Beverage,60,4.6,Gwalior,Phalka Bazar,Vegetarian,False,"['relaxed', 'comfort']","['breakfast', 'snacks']",3.7,26,"https://loremflickr.com/800/600/elaichi,tea?lock=327"
328,Royal Thali House,Masala Buttermilk,Beverage,70,4.0,Gwalior,Mahalgaon,Vegetarian,True,"['healthy', 'relaxed']","['lunch', 'snacks']",5.1,40,"https://loremflickr.com/800/600/masala,buttermilk?lock=328"
329,Taste Trail,Jaljeera,Beverage,60,4.2,Gwalior,Lashkar,Vegetarian,True,"['healthy', 'happy']",['snacks'],1.7,28,https://loremflickr.com/800/600/jaljeera?lock=329
330,Gharana Kitchen,Kesar Kulfi,Dessert,130,4.0,Gwalior,Thatipur,Vegetarian,False,"['happy', 'relaxed']","['snacks', 'dinner']",2.5,27,"https://loremflickr.com/800/600/kesar,kulfi?lock=330"
